text,label
"['riezf', 'kresseek', 'santai', 'gojek', 'chat', 'worst', 'case', 'tinggal', 'fitur', 'peduli', 'lindungi']",1.0
"['prifad', 'gue', 'gojek', 'iya', 'semoga', 'turun', 'berdua', 'menang']",1.0
"['kooalee', 'sepe', 'i', 'gojek', 'gue', 'error']",0.0
"['beralih', 'grab', 'gojek', 'yahudi', 'kaget', 'mam', 'bakso', 'k', 'ya', 'bilang', 'biaya', 'hidup', 'daerah', 'murah', 'gelut']",0.0
"['minggu', 'sepi', 'order', 'sesepi', 'gojek', 'food', 'rekan', 'pesan', 'menit', 'order', 'jalan', 'jalan', 'kemana', 'wkwk']",0.0
"['menemukan', 'gojek', 'jakarta', 'ky', 'hypertext', 'transfer', 'protocol', 'over', 'secure', 'socket', 'layer', 't', 'co', 'tspdytycb']",1.0
"['gojek', 'ku', 'promo', 'gofoodnya', 'hypertext', 'transfer', 'protocol', 'over', 'secure', 'socket', 'layer', 't', 'co', 'dxcnfoapw']",0.0
"['k', 'kelas', 'k', 'wkwk', 'eh', 'uang', 'ongkos', 'angkutan', 'kota', 'i', 'iritt', 'gojek', 'uang', 'jajan', 'habis', 'bayar', 'gojek', 'sajaa']",0.0
"['bt', 'banget', 'penumpang', 'gojek', 'naikan', 'gojek', 'gue', 'bisabisanya']",0.0
"['anjrrrr', 'gojek', 'paket', 'gue', 'nyasarnya', 'rumah', 'athallah']",0.0
"['iklan', 'gojek', 'palsu', 'banget']",0.0
"['event', 'organizer', 'pel', 'food', 'fess', 'pesan', 'gojek', 'sf', 'suka', 'cepat', 'banget', 'cepat', 'beli', 'wkwk']",1.0
"['rizkitomooo', 'mending', 'gojek', 'gue']",1.0
"['jowrnei', 'iya', 'kadang', 'gojek', 'susah']",0.0
"['tanyakanrl', 'ldr', 'chatnya', 'pakai', 'gojek', 'ya', 'guys', 'aplikasi', 'anak', 'bangsa', 'diblokir']",0.0
"['nonujjeeon', 'lucu', 'banget', 'gojek', 'nya']",1.0
"['urfavboy', 'minat', 'abang', 'gojek']",1.0
"['pas', 'mengambil', 'kue', 'nya', 'gojek', 'nya', 'menyanyikan', 'lagu', 'ulang', 'hshsh', 'ulang', 'ayankk']",0.0
"['yeoxjack', 'pas', 'ramai', 'banget', 'pesan', 'gojek', 'abangnya', 'ngantrinya']",0.0
"['shopee', 'gojek', 'menyedot', 'pengangguran', 'mengurangi', 'karyawan', 'pabrik', 'ikutan', 'dima', 'hypertext', 'transfer', 'protocol', 'over', 'secure', 'socket', 'layer', 't', 'co', 'qkhvzlwoo']",1.0
"['baca', 'tnc', 'sih', 'komisi', 'gojek', 'biaya', 'app', 'platform', 'bayar', 'pas', 'co', 'deh', 'sepengetahuanku', 'beda', 'wkwk']",1.0
"['urusan', 'babi', 'okelah', 'silakan', 'minuman', 'keras', 'pas', 'pemesan', 'anak', 'umur', 'dijalani', 'kah', 'orderannya', 'om', 'aturan', 'akun', 'gojek', 'customer', 'mesti', 'umur', 'tnggung', 'moral', 'mudahan', 'sih', 'om', 'lancarkan', 'orderannya']",0.0
"['sisa', 'kupon', 'haha', 'terima', 'kasih', 'gojek']",1.0
"['gojek', 'gue', 'pelit', 'banget', 'sih', 'hypertext', 'transfer', 'protocol', 'over', 'secure', 'socket', 'layer', 't', 'co', 'gyutkztaa']",0.0
"['gue', 'cape', 'banget', 'luv', 'banget', 'abang', 'gojek', 'mengajak', 'gue', 'mengobrol', 'hhh', 'gue', 'berbicara', 'malas', 'banget']",1.0
"['gojekindonesia', 'kakak', 'gojek', 'ya', 'pakai', 'tolong', 'dibantu', 'hypertext', 'transfer', 'protocol', 'over', 'secure', 'socket', 'layer', 't', 'co', 'myasstzt']",0.0
"['taman', 'pulomas', 'gojek', 'wkwk', 'x', 'iya']",1.0
"['uang', 'jajan', 'perharinya', 'k', 'gojek', 'pp', 'k', 'ngakalinnya', 'ya', 'uang', 'langsung', 'dijadikan', 'gopay', 'mencari', 'promo', 'promo', 'akunku', 'habis', 'pinjam', 'akun', 'teman', 'wkwk']",1.0
"['saltedeggnoid', 'kayaknya', 'minggu', 'deh', 'pakai', 'gojek', 'pindah', 'grab']",0.0
"['giliran', 'dinas', 'butuh', 'makan', 'lapar', 'gojek', 'app', 'nya', 'error', 'sih', 'bikin', 'stres', 'sebal']",0.0
"['gojek', 'pelit', 'promo', 'banget', 'deh', 'gue', 'pergi', 'malas', 'anjir', 'mahal', 'banget', 'ongkosnya']",0.0
"['kak', 'foto', 'kemasan', 'dibuka', 'dibuka', 'struknya', 'komplainnya', 'langsung', 'kayak', 'gojek', 'lumayan', 'fast', 'respon', 'sih', 'jaman', 'refund']",1.0
"['pas', 'gue', 'chat', 'gojek', 'balas', 'on', 'the', 'way', 'what', 'the', 'fuck', 'anjir', 'maps', 'nya', 'gue', 'lihat', 'memuter', 'memuter', 'habis', 'bilang', 'jalan', 'jelek', 'cor', 'ngabarin', 'gue', 'tau', 'mengcape']",0.0
"['miselattey', 'takut', 'hancur', 'pakai', 'gojek']",0.0
"['nih', 'ya', 'jalan', 'jelek', 'kayak', 'jalan', 'cor', 'gue', 'peduli', 'salah', 'berbicara', 'nih', 'driver', 'gojek', 'sih', 'tau', 'butuh', 'cepat', 'cepat', 'nympe', 'nympe', 'gue', 'marah', 'wajar', 'coba', 'bilang', 'langsung', 'chat', 'jalan', 'hhhh', 'ksllll']",0.0
"['bayangkan', 'ongkos', 'gojek', 'kampus', 'takut', 'bawa', 'kendaraan', 'anter', 'jgg']",0.0
"['gojek', 'mahal', 'banget']",0.0
"['monsoleilv', 'gojek', 'gojekindonesia', 'tanggung', 'suruh', 'bantuan', 'aplikasi', 'ditanggapi', 'laporan', 'diselesaikan']",0.0
"['gojek', 'gue', 'pelit', 'kupon']",0.0
"['gojek', 'anjing', 'banget', 'kupon', 'rebu', 'doangg', 'sih', 'anjritttt']",0.0
"['gojek', 'gopay', 'grab', 'bikin', 'ya', 'grab', 'asyik', 'kerja', 'ovo', 'grab', 'bikin', 'grabpay']",1.0
"['menangis', 'banget', 'gojek']",0.0
"['gue', 'lupa', 'bilang', 'note', 'orderan', 'tulis', 'nama', 'gue', 'gelas', 'coffee', 'nya', 'ditulis', 'nama', 'gue', 'gue', 'bilang', 'abg', 'gojeknya', 'coffee', 'sih', 'tri', 'nih', 'pas', 'coffee', 'langsung', 'deh', 'dikasih', 'abg', 'gojek', 'sih', 'tri', 'bingung', 'coffee', 'order', 'cont']",0.0
"['dukuhatasbni', 'minumbobayuk', 'sayangnya', 'stasiun', 'kereta', 'listrik', 'doang', 'by', 'the', 'way', 'saran', 'kereta', 'listrik', 'aplikasi', 'gojek']",1.0
"['jalan', 'area', 'sarinah', 'terpaksa', 'maps', 'sih', 'sekilo', 'an', 'gojek', 'memuter', 'memilih', 'jalan', 'berasa', 'berasa', 'lingkungan', 'berpengaruh']",1.0
"['xutegrl', 'bareng', 'om', 'gojek']",1.0
"['habis', 'lihat', 'ava', 'wa', 'sialan', 'kayak', 'kakak', 'kakak', 'gojek']",0.0
"['couldn', 't', 'imajinasi', 'the', 'pain', 'of', 'mas', 'gojek', 'menyasar', 'berkali', 'gara', 'gara', 'lokasi', 'gmaps', 'salah']",0.0
"['gue', 'gopay', 'aplk', 'gopay', 'gojek', 'bodoh', 'banget']",0.0
"['sih', 'takut', 'i', 'also', 'got', 'confused', 'on', 'people', 'wearing', 'lenses', 'and', 'still', 'managed', 'gojek', 'like', 'how']",0.0
"['yourrbabbyy', 'saingan', 'ku', 'gojek']",0.0
"['banget', 'coy', 'it', 'si', 'not', 'a', 'deal', 'though', 'sebatas', 'mengantarkan', 'ya', 'malam', 'if', 'posisi', 'pacar', 'jemput', 'malam', 'iyakan', 'ngeri', 'gojek']",0.0
"['gopayindonesia', 'pakai', 'gopay', 'terpisah', 'gojek', 'titik']",0.0
"['top', 'up', 'pulsa', 'gojek', 'banget', 'ya', 'hhhhh']",0.0
"['wkwk', 'kemarin', 'malam', 'pulang', 'baltos', 'gojek', 'turun', 'gojek', 'jatuh', 'gara', 'gara', 'kaki', 'ku', 'beku']",0.0
"['seru', 'iseng', 'daftarin', 'teman', 'gojek']",1.0
"['tau', 'gue', 'kereta', 'listrik', 'gojek', 'k']",0.0
"['sleep', 'deprived', 'pas', 'pulang', 'bareng', 'gojek', 'enak', 'pol']",0.0
"['keslisius', 'kirim', 'kes', 'kirim', 'gojek', 'aduh', 'kes', 'gue', 'butuh', 'dompet', 'gue', 'kirim', 'paket', 'kes']",1.0
"['nyeasdiary', 'gojek', 'grab', 'promo', 'kayak', 'niat', 'niat']",0.0
"['akuaccy', 'pinkyyvelvet', 'i', 'al', 'iya', 'kadang', 'murah', 'pakai', 'gopaylater', 'suka', 'suka', 'gojek', 'kupon', 'nya']",0.0
"['gojekindonesia', 'malas', 'deh', 'pakai', 'gojek', 'kupon', 'gofood']",0.0
"['akuaccy', 'pinkyyvelvet', 'i', 'al', 'banget', 'hubung', 'rekan', 'gojek']",1.0
"['unrelated', 'but', 'pas', 'habis', 'usaha', 'mikro', 'menengah', 'menunggu', 'gojek', 'pinggir', 'jalan', 'tb', 'motor', 'berhenti', 'langsung', 'bilang', 'kemana', 'dek', 'ayo', 'bareng', 'arahnya', 'kesana', 'ditolak', 'mengajak', 'tau', 'nih', 'orang', 'arah', 'rumah', 'gue']",0.0
"['gojek', 'mihil', 'banget']",0.0
"['voc', 'gojek', 'gofood']",0.0
"['elinadio', 'ayo', 'pakai', 'gojek']",1.0
"['orang', 'jahat', 'ya', 'marah', 'heran', 'dimarahi', 'tukang', 'angkutan', 'kota', 'dimarahi', 'gojek', 'kesal', 'menangis', 'kerja', 'senyum', 'kayak', 'langit', 'bumi', 'kontrassss']",0.0
"['gue', 'gojek', 'menggosipkan', 'customernya', 'tuhan', 'gue', 'aneh', 'digosipkan', 'haha']",0.0
"['dunia', 'gojek', 'ngandelin', 'pacar', 'orang', 'muluu', 'malu', 'emaknya', 'sih', 'ta', 'gue', 'colok', 'matanya', 'biar', 'cepat', 'sadar', 'sih', 'mnja', 'titisan', 'siluman']",1.0
"['gabung', 'grup', 'gojek', 'niatnya', 'menemukan', 'cerita', 'menarik', 'taunya', 'sedihhhhh']",0.0
"['gojekindonesia', 'maximofxs', 'nih', 'promo', 'goride', 'berangkat', 'kerja', 'pakai', 'gojek']",0.0
"['sih', 'gojek', 'jaraknya', 'km', 'kayak', 'jaraknya', 'km', 'gue', 'gue']",0.0
"['sih', 'perumahan', 'elite', 'kakak', 'dhel', 'abang', 'grab', 'gojek', 'pas', 'pembanguan', 'flyover', 'bwah', 'flyover', 'meninggal', 'ketimpa', 'besi', 'seram', 'banget']",0.0
"['indostransfer', 'kiraan', 'lamar', 'gojek']",1.0
"['better', 'cari', 'kos', 'kantor', 'biar', 'jalan', 'kena', 'macet', 'hemat', 'biaya', 'gojek', 'mahal']",0.0
"['sutharso', 'malas', 'gojek', 'marahan', 'online']",0.0
"['pekalonganfess', 'buka', 'aplikasi', 'gojek', 'grab', 'tinggal', 'pesan', 'neng', 'kono']",1.0
"['ateezmingil', 'mintol', 'abang', 'gojek', 'ambilkan']",1.0
"['expect', 'masak', 'kayak', 'iya', 'tinggal', 'kampung', 'mamak', 'kemampuan', 'memasak', 'terasah', 'sempurna', 'orangnya', 'malas', 'gerak', 'cari', 'makan', 'ketapang', 'gojek']",0.0
"['i', 'decided', 'berhenti', 'kejadian', 'memilih', 'gojek', 'jalan', 'gatega', 'banget', 'mgelintas']",1.0
"['percaya', 'deh', 'orang', 'gojek', 'makanan', 'scroll', 'beli', 'bingung', 'makan', 'bingung', 'bayar']",1.0
"['kemarin', 'make', 'taksi', 'nder', 'bapaknyaa', 'kayak', 'harganya', 'sesuai', 'app', 'gojek', 'grab', 'huhu', 'pas', 'habis', 'hujan', 'kena', 'ribu', 'jaraknya', 'kiloan']",1.0
"['driver', 'gojek', 'jaka', 'a', 'hebat', 'banget', 'mencari', 'jalan', 'tembusan', 'gang', 'gang', 'jembatan', 'sesempit', 'shirotol', 'mustaqim', 'jebret', 'madagascar']",1.0
"['gojek', 'promo', 'uang']",1.0
"['macet', 'banget', 'ya', 'gojek', 'gue']",0.0
"['lelah', 'gojek', 'bawain', 'makan', 'ituuuu', 'loooo']",1.0
"['next', 'promo', 'gojek', 'grab', 'pelajar']",1.0
"['dxzssz', 'convomfs', 'gojek']",0.0
"['tanyakanrl', 'habis', 'duit', 'gojek', 'derita', 'bawa', 'motor']",0.0
"['senang', 'pas', 'badmood', 'pe', 'full', 'day', 'sekolah', 'pas', 'pulang', 'driver', 'gojek', 'ramah', 'skliii']",1.0
"['uusbiasaaja', 'ipoint', 'lihatnya', 'gojek', 'grab']",1.0
"['convomfs', 'gojek', 'enak']",1.0
"['whosthis', 'gojek', 'kereta', 'berangkat', 'haha']",0.0
"['km', 'cape', 'janani', 'hidup', 'gojek']",1.0
"['ryananovir', 'belinya', 'gojek', 'starbuck', 'k', 'lt', 'kembung']",1.0
"['santainya', 'order', 'gojek', 'jam', 'eh', 'taunya', 'jadwal', 'keretanya', 'jam', 'jarak', 'rumah', 'stasiun', 'menit', 'haha', 'acungi', 'jempol', 'kebodohan']",1.0
"['halo', 'gojek', 'mahal', 'banget']",0.0
"['convomfs', 'gojek']",1.0
"['gojekindonesia', 'akunku', 'promo', 'apapun', 'banget', 'pakai', 'gojek']",0.0
"['menangis', 'gojek', 'pagi', 'terik', 'matahari', 'another', 'level', 'of', 'pain']",0.0
"['akucapekbanget', 'gojek', 'mulu', 'km']",0.0
"['killyou', 'ifstalk', 'abg', 'gojek', 'nya', 'pindah', 'on']",0.0
"['luvmeong', 'foodfess', 'daya', 'akun', 'gojek', 'gue', 'wangi', 'alias', 'promopromo']",0.0
"['convomfs', 'grab', 'gojek', 'nebeng']",1.0
"['teadumppy', 'abang', 'gojek']",1.0
"['nih', 'gojek', 'lihat', 'spion', 'mulu', 'pegal', 'palanya', 'pfft']",0.0
"['kegblgnunfaedh', 'gue', 'healing', 'sbux', 'mesennya', 'gojek', 'sbux', 'kakak', 'gue', 'mesenin']",1.0
"['sih', 'kemarin', 'bilangnya', 'pakai', 'telfon', 'sekolah', 'pinjam', 'handphone', 'bu', 'cam', 'pakai', 'gojek', 'sungkan', 'bangsat', 'ya']",0.0
"['chat', 'gue', 'papa', 'gue', 'gojek', 'otomatis', 'telfon', 'chat', 'papa', 'bawa', 'handphone', 'ya', 'allah']",1.0
"['stobericau', 'askrlfess', 'ya', 'iya', 'pas', 'gojek', 'berasa', 'mandiri', 'banget']",1.0
"['askrlfess', 'kayaknya', 'temannya', 'chat', 'aplikasi', 'gojek', 'pura', 'pura', 'driver', 'memesan']",0.0
"['hiburanreceh', 'anter', 'gojek', 'cape', 'berenang', 'hypertext', 'transfer', 'protocol', 'over', 'secure', 'socket', 'layer', 't', 'co', 'idmsrqqr']",1.0
"['askrlfess', 'pas', 'gojek', 'wkwk']",1.0
"['akun', 'akun', 'jarang', 'promo', 'jarang', 'make', 'gojek', 'deh', 'gue', 'banget', 'pakai', 'gojek', 'promo', 'make', 'promo', 'royal', 'gojek', 'gojek', 'royal']",1.0
"['hibvri', 'sih', 'malam', 'jaga', 'kemarin', 'gojek', 'tj', 'penuhnya', 'wajar']",1.0
"['convomf', 'ojek', 'maksud', 'gue', 'jaman', 'gojek']",0.0
"['uki', 'ikhwan', 'gojek', 'sih']",1.0
"['pesan', 'gojek', 'pas', 'buru', 'buru', 'sopirnya', 'banget', 'giliran', 'bersantai', 'sopirnya', 'meter', 'alias', 'banget']",0.0
"['nya', 'kena', 'driver', 'gojek']",1.0
"['menunggu', 'menit', 'gara', 'gara', 'gojek', 'nya', 'salah', 'geregetan', 'banget']",0.0
"['bsbsnya', 'gue', 'pagi', 'meleyot', 'gara', 'gara', 'lihat', 'abang', 'gojek', 'senyum', 'pakpol', 'gue', 'manis', 'beudh', 'aaaaakh']",1.0
"['onyour', 'kim', 'wow', 'banget', 'jakarta', 'gojek', 'by', 'the', 'way', 'enak', 'banget', 'selamat', 'makan', 'ya']",1.0
"['nasib', 'orang', 'rumah', 'sibuk', 'dihubungin', 'nge', 'gojek']",0.0
"['mas', 'grab', 'gojek', 'habis', 'menuruni', 'selesai', 'in', 'orderan', 'disuruh', 'kasih', 'rating', 'customer', 'rating', 'app']",1.0
"['bomnall', 'kerasanya', 'pas', 'gojek', 'sih', 'kena', 'kulit', 'perih']",0.0
"['convomfs', 'hidup', 'berjalan', 'pakai', 'gojek']",1.0
"['resto', 'gojek', 'suka', 'promo', 'gede', 'gedean', 'ya', 'makan', 'woi', 'lapar']",1.0
"['tanyarlfes', 'pp', 'gojek', 'ya', 'mending', 'ngekos', 'nder', 'kecuali', 'pakai', 'kendaraan', 'mending', 'pp']",1.0
"['maxim', 'gojek', 'grab', 'orang', 'rumah', 'mengantar', 'awikwok', 'hypertext', 'transfer', 'protocol', 'over', 'secure', 'socket', 'layer', 't', 'co', 'ngtcselkc']",1.0
"['compatible', 'gojek', 'handphone', 'gue', 'work', 'kayak', 'pembaruan', 'pas', 'pembaruan', 'work', 'dibuka', 'close', 'aplikasinyya', 'gue', 'uninstall', 'install']",0.0
"['kuliah', 'kehidupan', 'enak', 'sopir', 'blue', 'bird', 'gojek', 'cerita', 'klien', 'sisi']",1.0
"['bdngfess', 'gojek', 'grab', 'maxim']",1.0
"['gojek', 'pnyelmat', 'dunia']",1.0
"['gojek', 'gue', 'promo', 'sih']",0.0
"['suka', 'gojek', 'motor', 'bebek', 'kadang', 'oper', 'giginya', 'enak']",0.0
"['magishine', 'jerukkperassss', 'mas', 'alkaff', 'gojekindonesia', 'alif', 'gojekontwitt', 'perasaan', 'uber', 'gojek', 'grab']",0.0
"['luluhusnaa', 'ffarliani', 'terima', 'kasih', 'kak', 'pelanggan', 'gojek']",1.0
"['rumah', 'pakai', 'gojek', 'at', 'least', 'stasiun', 'commuter', 'terdekat', 'ya', 'butuh', 'motor', 'plgan', 'pindah', 'emen', 'tinggal', 'jalan', 'kaki', 'menit']",1.0
"['sarapan', 'pagi', 'gojek', 'banget', 'sih']",1.0
"['bocah', 'tolol', 'gue', 'gojek', 'kupon', 'nya', 'diapply']",0.0
"['ya', 'gojek', 'jalannya', 'lambat', 'kayak', 'astaga', 'nge', 'gas', 'mas']",0.0
"['aaaaaa', 'kesal', 'banget', 'gojek']",0.0
"['sarapan', 'sayang', 'sarapan', 'gojek', 'gojekindonesia', 'hypertext', 'transfer', 'protocol', 'over', 'secure', 'socket', 'layer', 't', 'co', 'xyfmbokuj']",1.0
"['gue', 'dipanggil', 'buk', 'gojek', 'gue', 'setua', 't', 't']",0.0
"['anjir', 'bisanya', 'nebeng', 'gue', 'aplikasi', 'gojek']",1.0
"['convomf', 'masuk', 'khusus', 'gojek', 'nder', 'sopirnya', 'tau']",1.0
"['sayang', 'gojek', 'banget', 'kasih', 'ide', 'sarapan', 'haha', 'hypertext', 'transfer', 'protocol', 'over', 'secure', 'socket', 'layer', 't', 'co', 'cyfdredex']",1.0
"['aggresif', 'fuiijaemin', 'mjb', 'ya', 'guys', 'jare', 'mbakku', 'lek', 'kota', 'oi', 'h', 'it', 'an', 'gojek']",1.0
"['jurang', 'belimbing', 'gang', 'nirwanasari', 'jalan', 'banjarsari', 'kampusnya', 'fpik', 'lumayan', 'sih', 'jalannya', 'wkwk', 'pulang', 'doang', 'jalan', 'berangkatnya', 'cari', 'tebengan', 'gojek']",1.0
"['gojek', 'mahal', 'banget', 'anjing']",0.0
"['gojek', 'kali', 'aerox', 'berasa', 'banget', 'deh', 'kursi', 'penumpangnya', 'sungguh', 'helicopter', 'view']",0.0
"['pekan', 'alih', 'profesi', 'gojek', 'hypertext', 'transfer', 'protocol', 'over', 'secure', 'socket', 'layer', 't', 'co', 'aikyjqt']",1.0
"['airlanggafess', 'tetot', 'tetot', 'bantu', 'penyebrangan', 'jalannya', 'jalur', 'gojek', 'berangkat', 'pulangny', 'beda', 'jalur']",1.0
"['retrofrade', 'lihat', 'namanya', 'masterpiece', 'by', 'sayang', 'gojek', 'hypertext', 'transfer', 'protocol', 'over', 'secure', 'socket', 'layer', 't', 'co', 'rzvorxeq']",1.0
"['tanyakanrl', 'boros', 'beli', 'sih', 'promoan', 'gojek', 'grab', 'beli']",0.0
"['oi', 'duit', 'gweh', 'habis', 'gojek', 'mulu']",0.0
"['ndagels', 'sih', 'abang', 'gojek', 'fetishnya', 'dengar', 'desahan', 'penumpang', 'ketakutan']",0.0
"['kaget', 'buka', 'akun', 'gojek', 'tagihan', 'ongkos', 'parkir', 'anjj', 'berbicara', 'sih', 'c', 'vows', 'buname']",0.0
"['gojek', 'trcintah', 'hypertext', 'transfer', 'protocol', 'over', 'secure', 'socket', 'layer', 't', 'co', 'intxkvigtj']",1.0
"['kayaknya', 'abang', 'gojek', 'gue', 'kayak', 'kemarin']",1.0
"['oi', 'anjing', 'gojek', 'jam', 'segini', 'ribu', 'asu']",0.0
"['convomf', 'nya', 'compatible', 'handphone', 'sender', 'gue', 'kayak', 'gojek', 'handphone', 'gue']",0.0
"['farwkwk', 'hadue', 'ngitung', 'diskon', 'gojek', 'bingung']",0.0
"['untungnya', 'sih', 'rekan', 'kota', 'bandung', 'rusak', 'butuh', 'cepat', 'kirim', 'gojek', 'jam', 'service', 'rumah', 'beli', 'merek', 'servicenya', 'jaka', 'a', 'pinjam', 'pompa', 'asi']",1.0
"['cape', 'banget', 'gojek', 'gofood']",0.0
"['happy', 'gojek', 'hypertext', 'transfer', 'protocol', 'over', 'secure', 'socket', 'layer', 't', 'co', 'xudgkjny']",1.0
"['dilema', 'pulang', 'bogor', 'turun', 'st', 'karet', 'gojek', 'kos', 'muacettttnya', 'nauzubillah', 'st', 'tanah', 'abang', 'turun', 'st', 'palmerah', 'perjuangan', 'menunggu', 'cape']",0.0
"['sbmptnfess', 'pernaahh', 'mas', 'gojek', 'tetangga', 'saudara', 'always', 'gue', 'temuin', 'nyambungg', 'galupa', 'sedekah']",1.0
"['o', 'badanmu', 'driver', 'gojek', 'pe', 'nek', 'we', 'anu', 'iya', 'balas', 'simple']",1.0
"['fleurdelacour', 'teman', 'gojek']",1.0
"['merasakan', 'angkutan', 'kota', 'stasiun', 'sudimara', 'tangerang', 'selatan', 'angkutan', 'kota', 'pasar', 'ciputat', 'stasiun', 'sudimara', 'giliran', 'arah', 'rawa', 'buntu', 'pasar', 'ciputat', 'susah', 'x', 'angkutan', 'kota', 'x', 'rupiah', 'ribu', 'gojek', 'rupiah', 'ribu']",1.0
"['cyrowfle', 'pt', 'transjaka', 'a', 'oh', 'iya', 'ya', 'ya', 'deh', 'kesitu', 'wkwk', 'gojek', 'mahal']",1.0
"['peppermintcofy', 'convomf', 'anjrit', 'memesan', 'gojek']",1.0
"['make', 'gojek', 'promo', 'gojek', 'taunya', 'pelit', 'kupon', 'gojekindonesia']",0.0
"['honeypatata', 'lackofcement', 'ooo', 'diantar', 'mas', 'gojek', 'ganteng']",1.0
"['untukj', 'turun', 'st', 'jatinegara', 'gojek']",1.0
"['gue', 'diajak', 'boti', 'abang', 'gojek', 'anaknya', 'oi']",0.0
"['convomf', 'menunggu', 'gojek', 'hypertext', 'transfer', 'protocol', 'over', 'secure', 'socket', 'layer', 't', 'co', 'ifnkiljbd']",0.0
"['killedbywords', 'shoopee', 'buluk', 'gojek', 'jggggggggg']",0.0
"['perasaan', 'gue', 'pesan', 'gojek', 'ckep', 'mulu', 'keren', 'iya']",1.0
"['kerja', 'urusan', 'gojek', 'fleksibel', 'fyuh']",1.0
"['selamat', 'malam', 'gojekindonesia', 'akun', 'gojek', 'dibuka', 'langsung', 'pop', 'up', 'create', 'pin', 'create', 'notifikasi', 'dikirimkan', 'sms', 'notifikasi', 'nomor', 'terdaftar', 'nomor', 'hangus', 'ganti', 'nomor', 'dibantu', 'terima', 'kasih']",1.0
"['mahal', 'banget', 'gojek', 'anjing']",0.0
"['satllitedrives', 'convomfs', 'menunggu', 'gojek', 'cowoknya', 'selesai', 'ibadah', 'gojeknya', 'menit', 'aneh']",0.0
"['convomf', 'tergantung', 'promo', 'gojek']",0.0
"['aplikasi', 'gojek', 'uninstall', 'tau', 'kiriman', 'saldo', 'gopay', 'alhamdulillah', 'sih']",1.0
"['woi', 'gojek', 'mahal', 'banget', 'biaya', 'admin', 'nya', 'hypertext', 'transfer', 'protocol', 'over', 'secure', 'socket', 'layer', 't', 'co', 'lfxndys']",0.0
"['ilililii', 'mc', 'donalds', 'rumah', 'aplikasi', 'gojek', 'mncul', 'cashback', 'maks', 'ribu']",1.0
"['sedih', 'lupa', 'pagi', 'tip', 'gojek', 'nya', 'kasihan', 'mengantre', 'ichiban']",1.0
"['he', 'bodoh', 'aplikasi', 'canggih', 'namanya', 'gojek', 'cowokmu', 'berbicara', 'halus', 'banget', 'eh', 'balesanmu', 'tai', 'banget', 'bangsat']",0.0
"['txtfrombrand', 'angkat', 'topi', 'tim', 'gojek', 'hypertext', 'transfer', 'protocol', 'over', 'secure', 'socket', 'layer', 't', 'co', 'pyoviskco']",1.0
"['iya', 'anjing', 'kesal', 'banget', 'sih', 'cewek', 'ngejelasin', 'gojek', 'mahal', 'pulang', 'pergi', 'berasa', 'pengeluarannya', 'pas', 'menumpang', 'pacar', 'gue', 'monyet', 'berengsek', 'sih', 'pekerjaan', 'haha', 'gaberesssss']",0.0
"['onok', 'gojek', 'rausah', 'manja', 'hypertext', 'transfer', 'protocol', 'over', 'secure', 'socket', 'layer', 't', 'co', 'lbxvsbuwn']",0.0
"['bingung', 'video', 'menunggu', 'gojek', 'cowoknya', 'gereja', 'wkwk']",0.0
"['chesechocho', 'tanyarlfes', 'pesan', 'gojek', 'shopeefood', 'kupon', 'potongan', 'ongkos', 'kirim']",1.0
"['gojek', 'kupon', 'x', 'fess', 'hypertext', 'transfer', 'protocol', 'over', 'secure', 'socket', 'layer', 't', 'co', 'xwybnoghmb']",1.0
"['ya', 'tuhan', 'gue', 'takut', 'banget', 'gojek', 'ancol', 'kanan', 'kiri', 'kontainer', 'takut', 'banget', 'geprek']",0.0
"['itscuteb', 'selesai', 'cape', 'banget', 'menunggu', 'gojek', 'hypertext', 'transfer', 'protocol', 'over', 'secure', 'socket', 'layer', 't', 'co', 'emydoofann']",0.0
"['gofood', 'gojek', 'ngotak', 'harganya']",0.0
"['cewekberacun', 'xkode', 'gojek', 'cashback', 'ribu', 'pakai', 'kode', 'gotagihan', 'hypertext', 'transfer', 'protocol', 'over', 'secure', 'socket', 'layer', 't', 'co', 'vcrdzwmz']",1.0
"['kangpaketinno', 'akun', 'gacor', 'jarang', 'cancel', 'it', 'gojek', 'nyetting', 'kalam', 'allah', 'mempan', 'hypertext', 'transfer', 'protocol', 'over', 'secure', 'socket', 'layer', 't', 'co', 'sdzrufhu']",0.0
"['hobi', 'gojek']",1.0
"['cerita', 'gue', 'teman', 'gue', 'diomelin', 'abang', 'gojek', 'bgstttt', 'kesal', 'banget', 'semalam']",0.0
"['gojek', 'x', 'kayak', 'kimak']",0.0
"['ndagels', 'gmaps', 'payah', 'banget', 'nginfoin', 'jalan', 'tutup', 'susah', 'banget', 'berkali', 'edit', 'jalan', 'grab', 'gojek', 'diarahin', 'hypertext', 'transfer', 'protocol', 'over', 'secure', 'socket', 'layer', 't', 'co', 'mhxbyww']",0.0
"['semoga', 'ketemu', 'gojek', 'kemarin', 'ya', 'allah', 'amin']",0.0
"['uarmyfel', 'ngontenin', 'menunggu', 'gojek', 'menunggu', 'kebaktian', 'banget', 'bra', 'i', 'ya']",0.0
"['pacar', 'mbak', 'gojek', 'pakai', 'jasa', 'nya', 'beli', 'gojek', 'anjing', 'malas', 'kamar', 'laki', 'menemui', 'kerja']",0.0
"['treasuremenfess', 'cio', 'join', 'gojek', 'jember', 'gue', 'order', 'keliling', 'unej']",1.0
"['ebicaa', 'amang', 'gojek', 'grab', 'pakai', 'nmaxxx', 'kayaaa', 'kram', 'banget', 'mengangkang', 'maximallll']",0.0
"['convomf', 'transpo', 'nya', 'gojek', 'food', 'nya', 'grab', 'wkwk']",1.0
"['jogging', 'kos', 'kejauhan', 'kuat', 'gojek']",1.0
"['wkwk', 'lucu', 'banget', 'anjing', 'greb', 'bangkrut', 'gabung', 'gojek', 'iya', 'grebjek']",0.0
"['disuruh', 'pilih', 'diantar', 'cek', 'gojek', 'k', 'k', 'bapa', 'k', 'kasihan', 'k', 'wkwk']",1.0
"['gojek', 'gojekindonesia', 'niat', 'pembaruan', 'uninstall', 'app', 'nya', 'hypertext', 'transfer', 'protocol', 'over', 'secure', 'socket', 'layer', 't', 'co', 'awegjwucf']",0.0
"['gojek', 'nya', 'fazzio', 'anjing']",0.0
"['menarik', 'gojek', 'nge', 'cancel', 'tujuan', 'pick', 'up', 'daerah', 'jakarta', 'utara', 'alias', 'trigger', 'konser', 'ya', 'allah']",0.0
"['suamiku', 'kerjanya', 'subuh', 'malam', 'gojek', 'online', 'belikan', 'anaknya', 'ajak', 'anaknya', 'kemana', 'sakit', 'kadang', 'dirasa', 'panas', 'kehujanan', 'menghadapi', 'customer', 'karakter', 'sifatnya', 'sehat', 'ayah', 'anak', 'ku']",1.0
"['wow', 'hujan', 'deres', 'banget', 'grab', 'gojek', 'auto', 'cancel']",0.0
"['pas', 'ngirit', 'jalan', 'kaki', 'kampus', 'eh', 'diajak', 'bapa', 'gojek', 'kampus', 'wkwk', 'terima', 'kasih', 'gojek', 'hati']",1.0
"['tanyarlfes', 'pesan', 'gojek', 'bangsat', 'menyusahkan', 'orang']",0.0
"['uangnya', 'kerja', 'freelance', 'gojek', 'biyar', 'uang', 'bawa', 'cewek', 'jalan', 'ng', 'ikan', 'maksudku', 'cowok', 'usaha', 'sih', 'cowok', 'cowok', 'be', 'anggung', 'usaha', 'cewek', 'matre', 'cowok', 'be', 'anggung']",1.0
"['ya', 'allah', 'semoga', 'gojek', 'driver', 'suka', 'abai', 'pesenan', 'gofood', 'customernya', 'dikasih', 'rejeki', 'ya', 'allah']",1.0
"['surabaya', 'susahhh', 'pol', 'cari', 'transporasi', 'pergi', 'kemana', 'teman', 'pakai', 'grab', 'gojek', 'jalan', 'k', 'pp', 'k', 'semarang', 'menit', 'lihat', 'angkutan', 'kota', 'b', 'kultur', 'shock']",0.0
"['gue', 'pe', 'kali', 'gue', 'gojek', 'pas', 'gue', 'memegang', 'pundak', 'masnya', 'pas', 'mak', 'gue', 'suruh', 'memegang', 'biar', 'jatuh', 'biggest', 'self', 'ick', 'i', 'ever', 'had']",1.0
"['brangkat', 'abang', 'gojek', 'orang', 'rumah', 'anter', 'ancrit']",1.0
"['rahmadnsuci', 'semangat', 'gojek', 'kuliner', 'bu', 'buar', 'mengobati', 'jalan', 'bogor']",1.0
"['lo', 'akun', 'doang', 'buka', 'gojek', 'cek', 'reward', 'muncul', 'notifikasi', 'back', 'to', 'fresh', 'stasiun', 'deh', 'screenshot', 'xp', 'ribu', 'ribu', 'mainnya', 'gojekindonesia']",0.0
"['pelajaran', 'spiritual', 'menit', 'abang', 'gojek', 'perjalanan', 'kos']",1.0
"['mainnn', 'duit', 'gojek']",0.0
"['lika', 'liku', 'berangkat', 'subuh', 'strugle', 'gojek', 'gabisaaa', 'grab', 'eror', 'handphone', 'lemot', 'pas', 'gang', 'gangnya', 'digembok', 'sjsgsjshsh', 'untung', 'stasiun']",0.0
"['ojek', 'kayaknya', 'jarang', 'concern', 'kendaraannya', 'terawat', 'layak', 'duit', 'kemarin', 'lihat', 'gojek', 'pakai', 'freego', 'berasap', 'putih', 'knalpotnya']",0.0
"['tanyarlfes', 'mning', 'psen', 'gojek', 'guamah', 'repotin', 'banget', 'anjc']",1.0
"['laporan', 'gojek', 'mulu', 'ygy', 'pekerjaan', 'gue']",0.0
"['cerita', 'rapip', 'pas', 'tingkat', 'gojek', 'eh', 'menabrak', 'ditabrak', 'anak', 'gojeknya', 'hilang', 'bandar', 'narkoba', 'pokoknya', 'anjing', 'rafifkwren']",1.0
"['discountfess', 'beda', 'mahalan', 'gojek']",1.0
"['kayak', 'murid', 'sekolah', 'internasional', 'gojek', 'hypertext', 'transfer', 'protocol', 'over', 'secure', 'socket', 'layer', 't', 'co', 'plsnpnri']",0.0
"['iklan', 'grab', 'sengaja', 'kuliat', 'ganti', 'gojek', 'iklannya', 'suka', 'grab', 'bikin', 'trauma']",0.0
"['rip', 'pengeluaran', 'gojek', 'gue', 'mama', 'gue', 'mengisikan', 'gopay', 'mama', 'gue']",0.0
"['deh', 'rela', 'berangkat', 'gojek', 'kali', 'pulang', 'bawa', 'motor', 'ganjarfestivalpalembang', 'hypertext', 'transfer', 'protocol', 'over', 'secure', 'socket', 'layer', 't', 'co', 'qqhxgsgou']",1.0
"['driver', 'gojek', 'njaluk', 'ditempeleng']",0.0
"['collegemenfess', 'minggu', 'uangnya', 'terpakai', 'gojek']",1.0
"['menunggu', 'gojek', 'orang', 'selesai', 'ibadah', 'hypertext', 'transfer', 'protocol', 'over', 'secure', 'socket', 'layer', 't', 'co', 'waxhlkwxb']",0.0
"['kali', 'gue', 'gojek', 'sih', 'sopirnya', 'bilang', 'mbaknya', 'lulus', 'kuliah', 'mukanya', 'kayak', 'kuliah']",1.0
"['plislah', 'gojek', 'abangnya', 'teriak']",0.0
"['babang', 'gojek']",1.0
"['wkwk', 'beli', 'langsung', 'ribu', 'gojek', 'ongkos', 'kirim']",0.0
"['gojek', 'goblok', 'banget', 'sih', 'kontol']",0.0
"['convomfs', 'gojek', 'nya']",0.0
"['flovergreenty', 'macaronlatte', 'roiminkyung', 'santai', 'ditemani', 'babang', 'grab', 'wkwk', 'bkt', 'kakak']",1.0
"['ditanyain', 'abang', 'grab', 'mbak', 'diantar', 'suaminya', 'single', 'oh', 'ya', 'semoga', 'ketemu', 'jodohnya', 'ya', 'mbak', 'hati', 'boro', 'kepikiran', 'skripsi', 'beres', 'ovt', 'langsung', 'kerja', 'ya', 'orang', 'berhasil', 'ya', 'mesti']",1.0
"['vulnaarable', 'nge', 'grab', 'bozz']",1.0
"['ngojekjauh', 'grab', 'susah', 'vermuknya', 'gilaan', 'kecuali', 'main', 'oprek', 'aplikasi']",0.0
"['suka', 'anter', 'makanan', 'kerja', 'jarak', 'nya', 'rumah', 'jam', 'langsung', 'pulang', 'suka', 'belikan', 'makan', 'apapun', 'grab', 'mengisi', 'ovo', 'biar', 'diskon', 'diajak', 'main', 'game', 'apapun', 'nge', 'i', 'menemani']",1.0
"['grabid', 'haloo', 'min', 'pengiriman', 'shopee', 'pakai', 'grab', 'day', 'semalam', 'resi', 'kurir', 'pick', 'up', 'ya']",1.0
"['javafoodie', 'warung', 'makan', 'mamiku', 'buka', 'palagan', 'khusus', 'take', 'away', 'ya', 'grab', 'shopeefood', 'gofood', 'soon', 'hypertext', 'transfer', 'protocol', 'over', 'secure', 'socket', 'layer']",1.0
"['cewek', 'jemput', 'cowok', 'gojek', 'grab', 'malas', 'pick', 'me', 'order', 'diratukan', 'semoga', 'lekas', 'sembuh', 'ya', 'mbak']",1.0
"['iixcie', 'wkwkwkwkwkwk', 'enggapapaa', 'sih', 'kadang', 'abang', 'grab', 'suka', 'menyamar', 'coba', 'ajak', 'kenalan', 'tau', 'masnya', 'jomlo']",1.0
"['first', 'time', 'grab', 'motor', 'abangnya', 'seru', 'banget', 'takut', 'bgttttt', 'ky', 'teman', 'abangnya']",1.0
"['lambe', 'toerah', 'bang', 'ojek', 'online', 'berjaket', 'grab', 'provokator', 'ngeri', 'hypertext', 'transfer', 'protocol', 'over', 'secure', 'socket', 'layer', 't', 'co', 'fflu']",0.0
"['dtahniah', 'dik', 'grab', 'tegur', 'kot', 'abg', 'drebar']",0.0
"['tanyarlfes', 'habis', 'selesai', 'acara', 'langsung', 'pulang', 'pesan', 'grab', 'wwkk']",1.0
"['gojek', 'grab', 'gue', 'bikin', 'kupon', 'khusus', 'anak', 'sekolah', 'deh', 'alias', 'gue', 'boros', 'banget', 'ongkos', 'pp', 'sekolah', 'anjenggg', 'hypertext', 'transfer', 'protocol', 'over', 'secure', 'socket', 'layer', 't', 'co', 'vvrefvmvv']",0.0
"['abang', 'grab', 'mbak', 'kasih', 'tip', 'terima', 'kasih', 'ya', 'lapar', 'banget', 'uang', 'uang', 'tip', 'mbak', 'makan', 'langsung', 'dheg', 'banget', 'gue']",1.0
"['bes', 'terminal', 'universitas', 'negeri', 'padjadjaran', 'dipati', 'ukur', 'nangor', 'ya', 'guys', 'grab', 'grab', 'suka', 'mahal', 'terima', 'kasih']",1.0
"['tuanmudakuyoshi', 'oh', 'coba', 'grab', 'sih', 'lumayan']",1.0
"['liiligf', 'nih', 'menunggu', 'abang', 'grab', 'food']",1.0
"['grab', 'hehe', 'iya', 'k', 'mencari', 'teman', 'patungan', 'kayak', 'lumayan', 'menghemat', 'pengeluaran', 'orang']",0.0
"['bersyukur', 'banget', 'gue', 'kemarin', 'grab', 'stella', 'jeruknya']",1.0
"['wkwk', 'senang', 'deh', 'abang', 'grab', 'bikin', 'pantun', 'hypertext', 'transfer', 'protocol', 'over', 'secure', 'socket', 'layer', 't', 'co', 'ebufvpwcsl']",1.0
"['halo', 'min', 'grabid', 'tolong', 'diedukasi', 'driver', 'kayak', 'memesan', 'grab', 'pesan', 'jaraknya', 'menit', 'penjemputan', 'memuter', 'doang', 'pick', 'up', 'pulang', 'cancel', 'berbicara']",0.0
"['moots', 'mas', 'grab', 'nya', 'tampan', 'bintang', 'hypertext', 'transfer', 'protocol', 'over', 'secure', 'socket', 'layer', 't', 'co', 'mdsuxwg']",1.0
"['xxsaidd', 'min', 'order', 'grab', 'gede', 'banget', 'duh', 'sopi', 'k']",1.0
"['alasan', 'jarang', 'banget', 'main', 'kemana', 'diantar', 'jemput', 'papiku', 'sibuk', 'kerja', 'motor', 'grab', 'car', 'temannya', 'temanku', 'santai', 'anter', 'jemput', 'main', 'akunya', 'gaenakan', 'keseringan']",1.0
"['gakadagunanya', 'fwbess', 'pakai', 'grab', 'promo']",1.0
"['banjarbase', 'chuross', 'ummu', 'hafsah', 'enak', 'situ', 'gojek', 'grab', 'sopud']",1.0
"['telorituadit', 'dago', 'pakar', 'dobel', 'pakai', 'hoodie', 'jaket', 'grab', 'kerasa', 'dingin']",1.0
"['denni', 'aji', 'buka', 'grab', 'oraa', 'larisane']",1.0
"['grab', 'janji', 'taat', 'disiplin', 'grab', 'beraturan', 'manajemnnya', 'mafia', 'mencari', 'keuntungan', 'memikirkan', 'kemanusiaan']",0.0
"['euh', 'jam', 'segini', 'angkutan', 'kota', 'ya', 'malas', 'banget', 'grab', 'mahal', 'pol', 'rek']",0.0
"['aplicator', 'jelek', 'gojek', 'grab', 'gojek', 'aplicator', 'manusiawi', 'grab', 'aplicator', 'jelek', 'rendahan', 'sampah', 'manusiawi', 'mementingkan', 'bisnis', 'memikirkan', 'penderitaan', 'mitranya', 'parahhh']",1.0
"['oi', 'nya', 'banget', 'airasia', 'food', 'tenantnya', 'oi', 'h', 'promonya', 'grab', 'shopee', 'food']",1.0
"['pacar', 'abang', 'grab', 'yrlwof', 'hypertext', 'transfer', 'protocol', 'over', 'secure', 'socket', 'layer', 't', 'co', 'goxvprvvig']",1.0
"['tolong', 'grab', 'bike', 'goride', 'banyakij', 'voc', 'diskon', 'miskin', 'anjrit']",1.0
"['pekerjaan', 'emak', 'gue', 'jam', 'segini', 'disuruh', 'beli', 'buah', 'grab', 'hypertext', 'transfer', 'protocol', 'over', 'secure', 'socket', 'layer', 't', 'co', 'rhuwzjst']",1.0
"['grabid', 'oke', 'respon', 'terima', 'kasih', 'grab']",1.0
"['pamer', 'gwejh', 'abang', 'grab', 'pakai', 'mtor', 'listrik', 'hypertext', 'transfer', 'protocol', 'over', 'secure', 'socket', 'layer', 't', 'co', 'iywejhcfn']",1.0
"['ehfajaryah', 'baca', 'baca', 'grab', 'grab', 'login', 'haha']",0.0
"['kompascom', 'grab', 'bisnisnya', 'indonesia', 'make', 'sense', 'induk', 'usaha', 'grab', 'singapura', 'pindah', 'indonesia']",1.0
"['beli', 'kopi', 'go', 'grab', 'food', 'pas', 'lihat', 'harganya', 'kaget', 'banget', 'mahils', 'mending', 'gue', 'motoran', 'bentar', 'beli', 'langsung', 'tokonya']",0.0
"['kochengfs', 'kemarin', 'beli', 'l', 'an', 'diskon', 'grab', 'l', 'ribu']",1.0
"['grab', 'nya', 'lamaaaaaa']",0.0
"['ang', 'mahal', 'ng', 'grab']",0.0
"['driver', 'grab', 'ku', 'barusan', 'jalan', 'menceritakan', 'kiprah', 'beliau', 'geger', 'gedhennya', 'kelompok', 'ojek', 'online', 'yoyakarta', 'momen', 'viral', 'facebook', 'mas', 'bawa', 'tongkat', 'kayu', 'pakai', 'sepatu', 'biru']",1.0
"['terima', 'kasih', 'akbar', 'repot', 'niat', 'hati', 'pesan', 'grab', 'tujuan', 'terminal', 'ojek', 'konvensional', 'cari', 'obat', 'biar', 'enak', 'kelilingnya', 'beliau', 'ikhlas', 'mengantarkan', 'obatnya', 'diantar', 'rumah', 'pesan', 'app']",1.0
"['alhamdulillah', 'iklan', 'grab', 'detik']",1.0
"['undipmenfess', 'mencari', 'promo', 'grab']",1.0
"['grab', 'ih', 'muncul', 'reward', 'nya', 'gue', 'bayar', 'anjir', 'rebu']",0.0
"['sbthanskz', 'grab', 'sih', 'jalan']",1.0
"['kak', 'km', 'pakai', 'grab', 'buka', 'subscribe', 'kupon', 'nya', 'bayar', 'k', 'link', 'disney', 'nya', 'bayar', 'pakai', 'gopay', 'rupiah']",1.0
"['mal', 'paskal', 'asyik', 'banget', 'lobi', 'khusus', 'pickup', 'dropoff', 'grab', 'grabbike', 'lobi', 'namanya', 'khusus', 'cai', 'lobi', 'grablounge', 'ahzek', 'area', 'gojek', 'sih', 'pokokmen', 'asyik']",1.0
"['techinasia', 'id', 'bisnis', 'cloud', 'dapur', 'diminati', 'grab', 'membuka', 'grabkitchen', 'model', 'bisnis', 'utama']",1.0
"['halo', 'grab', 'express', 'cepat', 'telepon', 'kurir', 'nya', 'blok', 'bingung', 'sayaaa', 'express', 'express', 'nya', 'lelet']",0.0
"['penghasilan', 'on', 'bid', 'rupiah', 'janji', 'mu', 'grab', 'penghasilan', 'sebulan', 'rupiah', 'orderan', 'dikasihnya', 'orderan', 'driver', 'muncul', 'akun', 'dianyepin', 'janji', 'mu', 'grab', 'dasar', 'grab', 'tukang', 'bohong']",0.0
"['oh', 'iya', 'bang', 'posisi', 'gunungpati', 'hafal', 'rute', 'bera', 'i', 'grab', 'krapyak', 'tinggal', 'nyebrang', 'lampu', 'merah', 'seberang', 'spbu', 'ya', 'bang']",0.0
"['mixue', 'grab', 'lalalala']",1.0
"['grabid', 'grab', 'gampang', 'pastinya', 'menghemat', 'cost', 'banget', 'pas', 'jaman', 'ngekos', 'terima', 'kasih', 'grabid', 'grabversary']",1.0
"['bisanyaa', 'perjalanan', 'pulang', 'cikalong', 'pakai', 'grab', 'jalan', 'tunduh', 'sih', 'grab', 'bawanya', 'pelan', 'bett', 'cuaca', 'mendung']",1.0
"['kenapasiii', 'jcool', 'twist', 'grab', 'pffffft', 'banget', 'asli', 'serius']",0.0
"['grabid', 'mending', 'bangkrut', 'sih', 'pdjl', 'top', 'up', 'ovo', 'ovo', 'masuk', 'grab', 'ovo', 'cash', 'nya']",0.0
"['menitip', 'tas', 'grab', 'biar', 'pura', 'pura', 'alias', 'bolos', 'hypertext', 'transfer', 'protocol', 'over', 'secure', 'socket', 'layer', 't', 'co', 'gaip']",0.0
"['grab', 'mending', 'bangkrut', 'sih', 'beli', 'k', 'banget']",0.0
"['seriea', 'lawas', 'beli', 'paket', 'disney', 'hotstar', 'aplikasi', 'grab', 'min', 'setahun']",1.0
"['oi', 'it', 'nengrab', 'pas', 'jam', 'berangkat', 'ngantor', 'jam', 'pulang', 'boasanya', 'ramai', 'banget', 'nyanyol', 'penumpang', 'grab', 'pesan', 'susah', 'driver']",1.0
"['ditolak', 'grab', 'menangis']",0.0
"['indomyfess', 'iya', 'pakai', 'promo', 'grab', 'lumayan', 'nder', 'setaun']",1.0
"['aariichaaaaan', 'ohyeshsunti', 'doh', 'grab', 'mahal']",1.0
"['indomyfess', 'disney', 'untung', 'kemarin', 'langsung', 'beli', 'promo', 'grab']",1.0
"['cerita', 'menariknya', 'pesan', 'grabfood', 'rumahnya', 'masuk', 'gang', 'dimaps', 'janjian', 'rumah', 'gue', 'gelap', 'janjian', 'lapangan', 'abang', 'grab', 'gue', 'buru', 'lapangan', 'cont', 'grabversary']",1.0
"['work', 'pulang', 'kerja', 'berangkat', 'kerja', 'menyambi', 'gojek', 'grab', 'penghasilannya', 'oi', 'h', 'please', 'bagikan', 'sender', 'ngegrab', 'arah', 'berangkat', 'pulang', 'kantor']",1.0
"['pernahh', 'teman', 'grab', 'shopeefood', 'guru', 'dichatin', 'maaf', 'rezeki', 'hehe']",1.0
"['collegemenfess', 'angkutan', 'kota', 'gojek', 'grab', 'maxim']",1.0
"['galucu', 'menangis', 'dibonceng', 'abang', 'grab']",0.0
"['lumrah', 'harga', 'makanan', 'lokasi', 'wisata', 'mahal', 'grab', 'food', 'order', 'makanan', 'via', 'grab', 'food', 'lokasi', 'apapun', 'harganya', 'terjangkau', 'grabversary']",0.0
"['grab', 'grab', 'bosan']",0.0
"['terima', 'kasih', 'grab']",1.0
"['sok', 'happy', 'pakai', 'grab', 'pelanggan', 'diskon', 'ku', 'tolong', 'psenin', 'grabbike', 'grabcar', 'ha', 'murah', 'banget', 'byar', 'pakai', 'ovo', 'kasih', 'cash', 'abangnya', 'saking', 'semurah', 'enak', 'grabversary', 'grabid']",1.0
"['dengarkan', 'playlist', 'sobbing', 'pas', 'sunset', 'bengong', 'grab', 'direkomendasikan']",0.0
"['gileee', 'banget', 'grab']",0.0
"['sbmptnfess', 'iya', 'sopir', 'grab', 'gue', 'doa', 'awikwok']",1.0
"['gojek', 'grab']",0.0
"['meruspico', 'pulang', 'grab']",1.0
"['woi', 'tidur', 'grab']",1.0
"['supir', 'grab', 'bikin', 'emosi', 'jiwa', 'allah', 'pe', 'deh', 'gue', 'seemosi']",0.0
"['grabid', 'pagi', 'siang', 'malam', 'andalan', 'dipesan', 'dimana', 'akses', 'mudah', 'cepat', 'bikin', 'pe', 'hypertext', 'transfer', 'protocol', 'over', 'secure', 'socket', 'layer', 't', 'co', 'flfjnzyg']",1.0
"['pulang', 'sency', 'jam', 'malam', 'grab', 'gue', 'takut', 'banget', 'anjing']",0.0
"['wtb', 'promo', 'gojek', 'grab']",1.0
"['pusingnya', 'grab', 'clean', 'biaya', 'admin', 'ribu']",0.0
"['sp', 'suruh', 'grab', 'nya', 'diapus']",0.0
"['help', 'promo', 'grab', 'goride']",1.0
"['rskyrmndni', 'wanita', 'masak', 'untung', 'nya', 'menguntungkan', 'warung', 'grab', 'food']",1.0
"['convomfs', 'grab', 'gojek', 'nebeng']",0.0
"['askrlfess', 'sih', 'mending', 'grab']",1.0
"['cippocii', 'grab', 'kesana']",1.0
"['tuanmudakuyoshi', 'oh', 'ya', 'iya', 'coba', 'deh', 'cek', 'grab']",1.0
"['lepas', 'ward', 'teringin', 'makan', 'nih', 'alhamdulillah', 'nasib', 'grab', 'hypertext', 'transfer', 'protocol', 'over', 'secure', 'socket', 'layer', 't', 'co', 'eccxtwvp']",1.0
"['txtfrmnanaa', 'wkwk', 'tau', 'nih', 'grab', 'pelit', 'wkwk', 'akunya', 'jago', 'mencari', 'diskonan', 'ya']",0.0
"['diteriaki', 'abang', 'grab', 'na', 'kayak', 'dibilang', 'eh', 'kemana', 'neng', 'kemana', 'situ', 'main', 'bla', 'bla', 'bla', 'pokoknya', 'dibilang', 'deh', 'nada']",1.0
"['mobil', 'pakai', 'acara', 'untung', 'grab', 'anta', 'beratah']",1.0
"['note', 'stasiun', 'ancol', 'drop', 'penumpangnya', 'pinggir', 'jalan', 'susah', 'order', 'grab', 'situ', 'stasiun', 'kayak', 'jaka', 'a', 'kota', 'kp', 'bandan', 'st', 'jaka', 'a', 'kota']",1.0
"['agung', 'leemerence', 'thestorykids', 'menyimpang', 'kids', 'mjb', 'iya', 'kemarin', 'grab', 'motor', 'gratis']",1.0
"['grab', 'diskon', 'main', 'weh', 'hypertext', 'transfer', 'protocol', 'over', 'secure', 'socket', 'layer', 't', 'co', 'gythhyxhf']",1.0
"['pulangnya', 'order', 'grabbike', 'mal', 'nya', 'st', 'ancol', 'murah', 'grab', 'nya', 'wkwk']",1.0
"['satpam', 'kantor', 'hafal', 'grab', 'express', 'menyamper', 'bera', 'i', 'mbak', 'winona', 'ambil', 'barang', 'ketinggalan']",1.0
"['malas', 'banget', 'ya', 'cowoknya', 'suruh', 'tempatku', 'go', 'food', 'selesai', 'urusan', 'telepon', 'genggam', 'makanannya', 'go', 'food', 'minumannya', 'pakai', 'pesan', 'go', 'food', 'cowokku', 'teknologi', 'namanya', 'go', 'food', 'grab', 'food', 'shopee', 'food', 'ya', 'wak', 'malas']",1.0
"['kesimpulan', 'survei', 'anak', 'kantor', 'butuh', 'tumpangan', 'prefer', 'pakai', 'gojek', 'butuh', 'makan', 'prefer', 'beli', 'shopee', 'food', 'grab', 'food', 'gofood', 'diminati']",1.0
"['alcaponneeee', 'berburusales', 'kak', 'beli', 'siniiii', 'butuh', 'pas', 'cek', 'grab', 'habiss']",0.0
"['convomf', 'transpo', 'nya', 'gojek', 'food', 'nya', 'grab', 'wkwk']",1.0
"['gue', 'mending', 'grab', 'terima', 'kasih', 'ya', 'rebecca', 'hypertext', 'transfer', 'protocol', 'over', 'secure', 'socket', 'layer', 't', 'co', 'lajfitf']",1.0
"['sih', 'banget', 'mengirim', 'makanan', 'kasih', 'tau', 'kadang', 'terheran', 'gara', 'gara', 'ditelepon', 'abang', 'grab', 'as', 'simple', 'as', 'that', 'senang', 'banget', 'he', 'terima', 'kasih', 'as', 'always']",1.0
"['blubybcadigital', 'blu', 'mastercard', 'dipakai', 'promo', 'mcfood', 'grab', 'ya']",0.0
"['ksmongz', 'sepengetahuan', 'grab', 'ya', 'gratiiss']",1.0
"['min', 'kode', 'promo', 'grab', 'dipakai', 'ya', 'apply', 'grabid']",0.0
"['kayak', 'sih', 'wkwk', 'kamunya', 'sibuk', 'pesan', 'gocar', 'orang', 'grab', 'akunya', 'makan', 'mulu', 'santuy', 'diam', 'hypertext', 'transfer', 'protocol', 'over', 'secure', 'socket', 'layer', 't', 'co', 'djabiatqab']",1.0
"['jalan', 'pagi', 'sarapan', 'summarecon', 'pikir', 'pergi', 'ber', 'sih', 'bocel', 'sih', 'pakai', 'grab', 'bawa', 'stroller', 'kayak', 'takut', 'riweuh', 'monoton', 'banget', 'hidup', 'guaaaa', 'wkwk', 'refreshing', 'banget', 'teman']",1.0
"['kak', 'tolong', 'iniin', 'alamat', 'rumah', 'detect', 'grab', 'amp', 'gojek', 'hypertext', 'transfer', 'protocol', 'over', 'secure', 'socket', 'layer', 't', 'co', 'futdkooou']",0.0
"['discountfess', 'kupon', 'nya', 'grab']",0.0
"['serasa', 'helikopter', 'semangat', 'driver', 'grab', 'dimanapun', 'pejuang', 'nafkah', 'semoga', 'sennatiasa', 'kesehatan', 'rejeki', 'barakat', 'amin']",1.0
"['grab', 'gue', 'gagal', 'move', 'on', 'hypertext', 'transfer', 'protocol', 'over', 'secure', 'socket', 'layer', 't', 'co', 'eipvksyc']",1.0
"['grab', 'sopirnya', 'menyambar', 'nimbrung', 'mengobrol', 'gue', 'mengobrol', 'teman', 'gue', 'bikin', 'nyaman', 'jujur']",0.0
"['diajak', 'grab', 'mengisi', 'bensin', 'gamasalh', 'sih', 'initu', 'butuh', 'cepat', 'astaga', 'curhat', 'satpam', 'pom']",0.0
"['jember', 'boros', 'grab', 'kendaraan', 'wkwk']",0.0
"['grab', 'bolak', 'mencari', 'alamat']",0.0
"['gue', 'pesan', 'grab', 'car', 'ujannya', 'berhenti']",1.0
"['ya', 'allah', 'salah', 'grab', 'nasib', 'ioi']",0.0
"['discountfess', 'akun', 'grab', 'ditangguhkan', 'selamat', 'tinggal']",0.0
"['tokped', 'bikin', 'fitur', 'total', 'belanjaan', 'kayak', 'shopee', 'grab', 'pliisss']",1.0
"['beli', 'mc', 'nuggets', 'deh', 'grab', 'mehong']",0.0
"['jinniemims', 'iya', 'nih', 'sedih', 'banget', 'donlod', 'grab', 'mesti', 'pinjam', 'grab', 'tetangga', 'kali', 'ya', 'biar', 'pusing']",1.0
"['kali', 'menemukan', 'abang', 'grab', 'cakap', 'oh', 'my', 'god', 'gue', 'ajak', 'makan', 'siang', 'bareng']",1.0
"['zxiyan', 'iya', 'donlod', 'grab', 'hapeku', 'bapuk']",0.0
"['alohabbyri', 'coba', 'pakai', 'grab', 'diskon']",1.0
"['cuan', 'pakai', 'grab', 'terima', 'kasih', 'ya', 'grabfood', 'grabid', 'hypertext', 'transfer', 'protocol', 'over', 'secure', 'socket', 'layer', 't', 'co', 'nnnxoc']",1.0
"['grab', 'pas', 'memesan', 'grab', 'notifikasi', 'mobil', 'grab', 'sopirnya', 'gratis', 'screenshot', 'tanggal', 'beli', 'tiket']",1.0
"['linowsan', 'grab', 'gratis', 'bayar', 'menonton', 'ya']",1.0
"['ahengtri', 'pengguna', 'grab']",0.0
"['grab', 'grabid', 'supir', 'km', 'aneh', 'banget', 'batalin', 'rumah', 'grebek', 'mengesalkan', 'maps', 'jalan', 'jalan', 'menit', 'menunggu', 'menit']",0.0
"['pakai', 'grab', 'pakai', 'grab', 'hpku', 'face', 'idnya', 'pakai', 'kamera', 'susahhh', 'aneehh', 'banget']",0.0
"['mfarrasfauzi', 'gojekindonesia', 'banget', 'malam', 'sopir', 'grab', 'mengantuk']",0.0
"['keselll', 'ketinggalan', 'promonya', 'grab']",0.0
"['menyesal', 'nge', 'i', 'ngno', 'promoan', 'grab']",0.0
"['repo', 'driver', 'grab', 'sih', 'telepon', 'anjinggg']",0.0
"['menangis', 'menunggu', 'grab', 'ambil', 'taksi', 'untung']",0.0
"['makan', 'ya', 'masak', 'malas', 'lihat', 'makanan', 'grab', 'selera']",0.0
"['lagek', 'diseneni', 'grab']",0.0
"['abg', 'grab', 'pon', 'terhibur']",1.0
"['admirablerenjun', 'thestorykids', 'menyimpang', 'kids', 'grab', 'masuk', 'ancol', 'beach', 'city', 'nya', 'ancol', 'ya']",0.0
"['jemput', 'grab', 'solusiku']",1.0
"['thestorykids', 'menyimpang', 'kids', 'jalan', 'kaki', 'nder', 'pesan', 'grab']",1.0
"['tanyakanrl', 'alasan', 'motor', 'dipakai', 'tolol', 'goblok', 'gojek', 'grab']",0.0
"['thestorykids', 'insyaallah', 'aman', 'nader', 'kemarin', 'dapetnya', 'ancol', 'grab', 'bike']",1.0
"['tim', 'grab', 'pakai', 'helm', 'hypertext', 'transfer', 'protocol', 'over', 'secure', 'socket', 'layer', 't', 'co', 'npdrrbgn']",1.0
"['thestorykids', 'mending', 'bike', 'kak', 'grab', 'car', 'take', 'nunggunya', 'banget']",0.0
"['kdrama', 'menfess', 'langganan', 'disney', 'promo', 'grab', 'bagus', 'isi', 'nya']",1.0
"['alinithia', 'motor', 'grab', 'kakak', 'maksudnya', 'kereta', 'listrik', 'amin', 'semoga', 'ketemu']",1.0
"['tanyarlfes', 'gue', 'selingkuh', 'tokped', 'shopee', 'grab', 'gojek']",0.0
"['kemarin', 'kayak', 'eh', 'barusan', 'habis', 'lapor', 'rekan', 'grabpay', 'kesuspend', 'deh', 'coba', 'lapor', 'rekan', 'grab', 'nder']",0.0
"['caassiiu', 'thestorykids', 'grab', 'motor', 'kemarin', 'pintu', 'masuk', 'grab', 'mobil', 'gedung', 'antriannya', 'penjaga']",0.0
"['telkomsel', 'aman', 'sinyal', 'holding', 'cari', 'grab', 'gampang', 'sih', 'alhamdulillah', 'grab', 'masuk', 'lobi', 'utara']",1.0
"['pakai', 'indosat', 'area', 'mal', 'benaran', 'sinyal', 'holding', 'area', 'sinyal', 'saran', 'pesan', 'grab', 'mending', 'jalan', 'pintu', 'carnaval', 'pintu', 'timur', 'ramai', 'banget', 'wara', 'wirinya']",1.0
"['mengharap', 'nilai', 'kerkel', 'alasan', 'masuk', 'akal', 'motor', 'pakai', 'tololnya', 'ya', 'motor', 'angkutan', 'kota', 'gojek', 'grab', 'mending', 'suruh', 'bayar', 'rebu', 'nilai']",0.0
"['fren', 'lumayan', 'lancar', 'pas', 'pulang', 'pesan', 'grabnya', 'susah', 'pick', 'up', 'nya', 'beach', 'city', 'langsung', 'jalan', 'gong', 'menunggu', 'situ', 'wara', 'wiri', 'gerbang', 'barat', 'deh', 'order', 'grab']",0.0
"['thestorykids', 'by', 'jelek', 'sih', 'wara', 'wiri', 'gerbang', 'timur', 'ambil', 'grab']",0.0
"['xl', 'menurutku', 'aman', 'sih', 'kadang', 'pas', 'lte', 'bar', 'penuh', 'lemot', 'cari', 'grab', 'lumayan', 'gampang', 'amannya', 'km', 'menunggu', 'gerbang', 'barat', 'timur', 'jarang', 'grab', 'masuk']",1.0
"['senangggg', 'abang', 'grab', 'sat', 'set', 'sat', 'set', 'dag', 'dig', 'dug', 'mengejar', 'kereta', 'jam', 'takut', 'keburu']",1.0
"['pakai', 'baca', 'kak', 'coba', 'laporan', 'rekan', 'grab', 'pakai', 'mastercard', 'baca', 'blu', 'habis', 'laporan', 'besoknya', 'langsung']",1.0
"['tanyakanrl', 'motor', 'dipakai', 'ya', 'gojek', 'grab', 'maxim', 'pakai', 'dibilang', 'base', 'salah']",1.0
"['pahal', 'grab', 'mahal', 'harinii']",1.0
"['karawangfess', 'sih', 'enak', 'lumpia', 'beef', 'unsika', 'sayangnya', 'grab', 'gofood']",0.0
"['miskin', 'pakai', 'grab']",0.0
"['pas', 'berkumpul', 'problem', 'pesan', 'taksi', 'online', 'nya', 'grab', 'gojek', 'bluebird', 'coba', 'niat', 'taksi', 'online', 'duri', 'menyambung', 'cont']",0.0
"['kayak', 'meninggal', 'grab', 'car', 'pakai', 'stella', 'jeruk']",0.0
"['thestorykids', 'menyimpang', 'kids', 'grabnya', 'suka', 'masuk', 'jalan', 'kaki', 'grab', 'bike', 'bilang', 'masuk', 'bang', 'tambahkan', 'deh']",0.0
"['motor', 'hoalah', 'wkwk', 'grab', 'jam', 'segituan', 'ya', 'pulangg', 'semoga', 'ketemu', 'ya', 'adik']",0.0
"['aktifin', 'aplikasi', 'grab', 'sekalinya', 'diaktivin', 'niat', 'menarik', 'eh', 'order', 'fiktiv', 'bangsat', 'banget', 'pagi', 'pagi', 'sarapan', 'order', 'fiktiv', 'grab', 'food', 'mie', 'ayam']",0.0
"['thestorykids', 'menyimpang', 'kids', 'kesempatannya', 'cepat', 'cepat', 'turun', 'sehabis', 'konser', 'biar', 'pesan', 'grab']",0.0
"['thestorykids', 'menyimpang', 'kids', 'imo', 'deh', 'nder', 'grab', 'gojek', 'susah', 'banget']",0.0
"['saran', 'driver', 'grab', 'kemarin', 'ramean', 'mending', 'jalan', 'gerbang', 'pesan', 'lumayan', 'driver', 'masuk', 'ojek', 'suka', 'menawari']",1.0
"['terlanjur', 'ketergantungan', 'pakai', 'shopee', 'bakar', 'duit', 'habis', 'giliran', 'ambil', 'untung', 'sebanyaknya', 'grab', 'gojek', 'tokped']",0.0
"['doakan', 'semoga', 'abang', 'gojek', 'grab', 'kembalian']",1.0
"['jaman', 'canggih', 'gojek', 'grab', 'maxim', 'in', 'driver', 'eh', 'jemput', 'cowok', 'orang', 'teman', 'cowok', 'jemput', 'ya', 'gue', 'nyaksiin', 'ya']",0.0
"['thestorykids', 'for', 'your', 'information', 'susah', 'grab', 'grab', 'bike', 'car', 'gojek', 'gojek', 'kerja', 'blue', 'bird', 'menolak', 'opang']",0.0
"['luculucuaaan', 'indonesia', 'alfa', 'kayak', 'gojek', 'grab', 'doang', 'bersaing', 'bawahannya', 'akur']",0.0
"['convomf', 'nya', 'sih', 'pesan', 'ojek', 'online', 'grab', 'gofood', 'always', 'gojek', 'cuz', 'banya', 'vocer', 'grab', 'sih', 'jarang', 'pesan', 'situ']",1.0
"['bisabisanya', 'pakai', 'grab', 'gojek', 'pakai', 'promo', 'promonya', 'lumayan', 'banget']",0.0
"['fxmario', 'malam', 'gue', 'beli', 'ya', 'pakai', 'grab', 'hmmmmm', 'oke', 'sih']",1.0
"['besok', 'day', 'saran', 'langsung', 'cari', 'bis', 'wara', 'wiri', 'ancol', 'deh', 'bayar', 'sih', 'ojekan', 'grab', 'pickup', 'korban']",0.0
"['keniljenner', 'discountfess', 'banget', 'grab', 'uruskan', 'hehe']",1.0
"['abang', 'grab', 'bikin', 'sebal', 'gue', 'manusia', 'susah', 'marah', 'orang', 'asing', 'ih', 'sebe', 'banget', 'diomelin', 'orang', 'va', 'dikenal']",0.0
"['me', 'everytime', 'gojek', 'grab', 'maxim', 'wkwk', 'hypertext', 'transfer', 'protocol', 'over', 'secure', 'socket', 'layer', 't', 'co', 'psfrrq']",1.0
"['pas', 'gue', 'dufan', 'kakak', 'gue', 'grab', 'hotel', 'abang', 'grab', 'nya', 'bilang', 'orang', 'bayar', 'main', 'dufan', 'ya', 'gue', 'kayak', 'hehe', 'bapaknya', 'ya', 'kesalahan', 'wahana', 'nya', 'mengantar', 'nyawa', 'mbak']",0.0
"['primrose', 'bbetul', 'sih', 'bus', 'ya', 'ramai', 'grab', 'lbhh', 'ok']",1.0
"['grab', 'kocak', 'habis', 'hujan', 'mahal']",1.0
"['tanyakanrl', 'alasan', 'orang', 'jaman', 'gojek', 'grab', 'kawannya']",0.0
"['bantu', 'susah', 'sinyal', 'grab', 'kemaleman', 'grab', 'masuk', 'menunggu', 'pintu', 'karnaval', 'malam', 'jalan', 'pintu', 'karnaval', 'jalannya', 'ramean', 'berasa', 'sih', 'wkwk']",0.0
"['mustinya', 'gue', 'pakai', 'grab', 'mobil', 'ajaaaaaaaa', 'gue', 'pakai', 'bike', 'sicccchhhh', 'ujaaaaan', 'guede']",0.0
"['skzkasep', 'maniacinjkt', 'gojek', 'grab', 'grab', 'car', 'gratis', 'grab', 'bayar', 'uang', 'masuk', 'kendaraan']",1.0
"['mbak', 'grab', 'orderan', 'kaum', 'pegang', 'paha', 'nempelin', 'anggap', 'apes', 'tolak', 'penasaran', 'ujungnya', 'takut', 'dilaporkan', 'repot']",0.0
"['discountfess', 'nder', 'biar', 'master', 'cardnya', 'dipakai', 'sih', 'punyaku', 'huhu', 'kontak', 'bank', 'grab', 'penyelesaian']",0.0
"['penjual', 'bego', 'nih', 'barang', 'chek', 'out', 'jual', 'orang', 'pakai', 'grab', 'instan', 'gue', 'cancel', 'transaksi', 'driver', 'nya', 'kasihan', 'orderan', 'gara', 'fnfjb']",0.0
"['mencoba', 'ayam', 'jatinangor', 'mekdi', 'olive', 'grab', 'promo', 'surprisingly', 'enak']",0.0
"['grab', 'eror', 'kahhhh']",0.0
"['halief', 'cinema', 'beli', 'grab', 'om', 'halief', 'bungkus', 'ribu', 'lumayan', 'netflix', 'and', 'chill', 'rumaaah']",1.0
"['discountfess', 'grab', 'diskon', 'kilat', 'pesan', 'area', 'xxi', 'cod', 'an', 'abangnya']",0.0
"['abang', 'grab', 'nya', 'wangi', 'banget']",1.0
"['psikisku', 'terguncang', 'menonton', 'iklan', 'grab']",0.0
"['worksfess', 'oot', 'sih', 'masuk', 'aplikasi', 'kayak', 'grab', 'gofood', 'shopeefood', 'kasihan', 'drivenya', 'tau', 'sistem', 'resto']",0.0
"['convomfs', 'grab', 'helikopter', 'hypertext', 'transfer', 'protocol', 'over', 'secure', 'socket', 'layer', 't', 'co', 'tjsslqljkv']",0.0
"['ffarliani', 'pakai', 'grab', 'promoooo']",1.0
"['haramulliand', 'beli', 'grab', 'bungkus', 'k', 'k', 'recreate', 'kailan', 'krispinya', 'deh', 'enak', 'banget']",1.0
"['menipu', 'grab', 'kena', 'batunya', 'kakak', 'ovo', 'ku']",0.0
"['pikir', 'nih', 'jaket', 'kayak', 'jaket', 'gojek', 'berani', 'berbicara', 'jaket', 'mahal', 'asli', 'kayak', 'driver', 'gojek', 'grab', 'warnanya']",0.0
"['top', 'up', 'grab', 'hypertext', 'transfer', 'protocol', 'over', 'secure', 'socket', 'layer', 't', 'co', 'pissmeko']",0.0
"['visor', 'helm', 'grab', 'berperan', 'kehidupan', 'sih', 'kakak', 'nya', 'konsep', 'janani', 'hypertext', 'transfer', 'protocol', 'over', 'secure', 'socket', 'layer', 't', 'co', 'tvvnlfyaj']",1.0
"['hai', 'teman', 'pakai', 'grab', 'sepengetahuanku', 'halodoc', 'mahal', 'banget', 'kisaran', 'ribu', 'maaf', 'ya', 'membantu']",1.0
"['nurrsoff', 'everyday', 'grab', 'makanan', 'nih', 'menangis', 'ah']",0.0
"['grab', 'food', 'promo', 'gratis', 'ongkos', 'kirim', 'sih', 'nih', 'gue', 'bm', 'banget', 'menangis']",1.0
"['lokotre', 'mas', 'grab', 'nya', 'cakap', 'a']",1.0
"['kedai', 'gunting', 'rambut', 'grab', 'tutup', 'ok']",0.0
"['rekor', 'gue', 'malas', 'gerak', 'menunggu', 'harga', 'grab', 'rm']",0.0
"['mending', 'grab', 'sumpah', 'jalan', 'kaki', 'gue', 'jabanin', 'cih', 'hypertext', 'transfer', 'protocol', 'over', 'secure', 'socket', 'layer', 't', 'co', 'hncbqkwcgy']",1.0
"['grabid', 'tempatku', 'grab', 'nya', 'bestie', 'coba', 'deh', 'adakan', 'laku', 'banget']",0.0
"['lapar', 'and', 'sakit', 'kepala', 'nak', 'order', 'grab', 'hujan']",0.0
"['order', 'food', 'tau', 'sedar', 'hujan', 'abang', 'grab', 'im', 'maaf']",0.0
"['sopirnya', 'enakan', 'ya', 'takut', 'bintang', 'jelek', 'gue', 'driver', 'ya', 'gue', 'ambil', 'ibunya', 'risih', 'kayak', 'bintang', 'jelek', 'pengaruh', 'akun', 'grab', 'kecuali', 'akun', 'gojek', 'pengaruh']",0.0
"['ya', 'grab', 'call', 'jalan']",0.0
"['grab', 'menyusul', 'sayang', 'hypertext', 'transfer', 'protocol', 'over', 'secure', 'socket', 'layer', 't', 'co', 'xuhudj']",1.0
"['semenjak', 'pakai', 'maxim', 'gpake', 'gojek', 'grab']",0.0
"['snowiespace', 'wkwk', 'untung', 'beline', 'pakai', 'grab', 'grab', 'beda']",1.0
"['niatny', 'grab', 'biar', 'cepat', 'ngecet']",0.0
"['grabid', 'grab', 'zolim', 'laporan', 'berkali', 'kali', 'solusi', 'pembayaran', 'grabfood', 'mastercard', 'blu', 'baca', 'ditolak', 'minggu', 'nomor', 'email', 'novilistiana', 'gmail', 'com']",0.0
"['gue', 'stasiun', 'salah', 'pintu', 'grab', 'nya', 'anjir', 'senin', 'hypertext', 'transfer', 'protocol', 'over', 'secure', 'socket', 'layer', 't', 'co', 'uadrwcnvu']",0.0
"['grab', 'nya', 'mengeyel', 'siii', 'ah', 'dibilang', 'terobos']",0.0
"['menyesal', 'grab', 'mobil', 'merayap', 'banget', 'anjeer', 'janji', 'kena', 'tegur', 'bos']",0.0
"['grab', 'beres', 'sial', 'mulu']",0.0
"['wkwk', 'mestinya', 'turun', 'cawang', 'gue', 'nya', 'tebet', 'alhasil', 'turun', 'tebet', 'grab', 'nya', 'mahal', 'wkwk']",0.0
"['semoga', 'grab', 'numpangin', 'gue', 'motornya', 'ngelewatin', 'genangan', 'air', 'kelamcaran', 'rezeki', 'nya', 'kesehatan', 'amin']",1.0
"['anjing', 'grab', 'nya', 'dibilang', 'banjir', 'gue', 'bantu', 'dorongin', 'motor', 'grab', 'nya']",0.0
"['whyhyyyyy', 'gojek', 'mahal', 'mahalnya', 'maksudnya', 'grab', 'promo', 'hwaaa', 'hypertext', 'transfer', 'protocol', 'over', 'secure', 'socket', 'layer', 't', 'co', 'jjqoddpq']",0.0
"['grab', 'bawa', 'motor', 'ngejut', 'ngejut', 'tai', 'gue', 'nyungsep']",0.0
"['grab', 'mahal', 'banget', 'anjir']",0.0
"['tunggu', 'grab']",0.0
"['convomf', 'grab', 'sih', 'promonya', 'makanan', 'transpo', 'asi', 'mending', 'indrive', 'murah', 'pakai', 'promo']",1.0
"['viloradaz', 'pagi', 'gue', 'abang', 'grab', 'profesor', 'x', 'wkwk', 'asyik', 'tau', 'jalan', 'tikus', 'hypertext', 'transfer', 'protocol', 'over', 'secure', 'socket', 'layer', 't', 'co', 'fembspmcx']",1.0
"['by', 'the', 'way', 'abang', 'grab', 'car', 'asyik', 'banget', 'wkwk', 'pas', 'masuk', 'mobil', 'pe', 'pulang', 'kak', 'menonton', 'konsernya', 'pas', 'tiketnya', 'murah', 'juta', 'masnya', 'langsung', 'kaget', 'gedekan', 'speaker', 'mobilnya', 'disuruh', 'konser']",1.0
"['gila', 'jelek', 'banget', 'gue', 'grab', 'menangis', 'ingusan']",0.0
"['angin', 'hujan', 'transaksi', 'grab', 'beli', 'tolong', 'dijelasin', 'nih', 'maksudnya', 'grabindonesiaid', 'ovo', 'id']",0.0
"['care', 'gue', 'grab', 'hypertext', 'transfer', 'protocol', 'over', 'secure', 'socket', 'layer', 't', 'co', 'sjqfkhht']",1.0
"['abang', 'grab', 'nya']",0.0
"['senang', 'gojek']",1.0
"['pelayanan', 'gojek', 'jelek']",0.0
"['today', 'is', 'a', 'good', 'day']",1.0
